site,domain,watArea,year,month,storm_id,meanHI.Chl,meanFI.Chl,event_duration,event_intensity,totalChlexport,deltaChl,CQslope,CQslopesig,Conc_cv,Disch_cv,CVc_CVd,meanHI.turb,meanFI.turb,totalChlexport_perwatarea
ARIK,Central Plains,2632,2019,8,storm_4,0.315,0.299,18.5,71.5,21.3,3.8,0.5,0.00,0.25,0.24,1.05,,,0.008
ARIK,Central Plains,2632,2019,8,storm_5,0.082,0.429,22.5,82.3,26.3,2.5,0.5,0.00,0.19,0.25,0.78,,,0.010
ARIK,Central Plains,2632,2019,8,storm_6,-0.438,0.591,21.5,87.1,28.8,2.6,0.2,0.02,0.19,0.29,0.64,,,0.011
ARIK,Central Plains,2632,2019,8,storm_7,-0.408,0.207,20.5,90.4,28.9,3.7,0,0.96,0.21,0.30,0.70,,,0.011
ARIK,Central Plains,2632,2020,5,storm_4,0.457,0.077,31.5,35.1,30.5,10.5,0.5,0.00,0.36,0.18,1.98,0.383,0.253,0.012
BIGC,Pacific Southwest,10,2019,1,storm_1,0.25,0.829,27,293.4,52.1,2.2,0.7,0.00,0.22,0.31,0.73,0.639,0.409,5.210
BIGC,Pacific Southwest,10,2019,1,storm_3,-0.288,0.848,23.5,362,100.8,2.7,0.2,0.00,0.19,0.44,0.44,0.199,0.437,10.080
BIGC,Pacific Southwest,10,2020,3,storm_1,0.134,1,91,97.9,102.2,3.1,0.9,0.00,0.35,0.38,0.93,0.171,0.971,10.220
BIGC,Pacific Southwest,10,2020,3,storm_2,-0.1,0.917,33.5,64.3,26.1,0.7,1,0.00,0.11,0.11,1.00,0.413,0.569,2.610
BIGC,Pacific Southwest,10,2020,3,storm_3,-0.028,0.895,48,51.5,40.2,0.5,0.8,0.00,0.09,0.10,0.87,-0.084,0.83,4.020
BIGC,Pacific Southwest,10,2020,4,storm_4,0.257,1,79.5,236.8,256.5,5.9,1,0.00,0.57,0.43,1.33,0.258,1,25.650
BIGC,Pacific Southwest,10,2020,4,storm_6,-0.254,0.276,19,32.3,10.6,0.1,0.9,0.00,0.07,0.07,1.02,0.443,0.013,1.060
BIGC,Pacific Southwest,10,2020,4,storm_7,-0.185,0.905,28.5,46.3,13.2,0.2,0.9,0.00,0.09,0.08,1.10,,,1.320
BIGC,Pacific Southwest,10,2020,5,storm_8,-0.022,0.897,31.5,71.9,14.8,2.2,2,0.00,0.49,0.22,2.21,0.345,0.633,1.480
BIGC,Pacific Southwest,10,2021,2,storm_2,-0.212,0.936,39.5,71.3,28.5,1.8,0.8,0.00,0.25,0.28,0.88,0.571,0.021,2.850
BIGC,Pacific Southwest,10,2021,3,storm_3,-0.112,0.933,31,42.1,81.2,21.8,5,0.00,0.65,0.13,4.97,-0.537,0.529,8.120
BIGC,Pacific Southwest,10,2021,3,storm_4,0.14,0.634,91,85.8,131,5.2,0.8,0.00,0.39,0.47,0.83,0.257,0.482,13.100
BLDE,Northern Rockies,35,2019,9,storm_39,0.027,1,54,71.2,43.8,1.2,0.5,0.00,0.14,0.28,0.51,0.288,0.841,1.251
BLDE,Northern Rockies,35,2019,10,storm_51,-0.471,0.921,19,87.7,8.6,0.4,0.1,0.00,0.07,0.29,0.25,,,0.246
BLDE,Northern Rockies,35,2020,3,storm_1,-0.208,0.948,18.5,27,6.6,2.9,2.8,0.00,0.38,0.12,3.22,,,0.189
BLDE,Northern Rockies,35,2020,4,storm_5,0.232,0.397,45,323.6,534.2,5.9,0.7,0.00,0.26,0.23,1.13,0.185,0.201,15.263
BLUE,Southern Plains,322,2019,5,storm_4,0.398,0.68,32.5,6129.2,2524.2,2.3,-0.1,0.47,0.24,0.29,0.82,-0.356,0.474,7.839
BLUE,Southern Plains,322,2019,5,storm_6,0.648,0.121,33,9586.5,3613.9,6.9,-0.1,0.69,0.78,0.46,1.68,,,11.223
BLUE,Southern Plains,322,2020,1,storm_3,-0.344,0.884,38.5,8240.8,5047.2,6.1,1.7,0.00,0.59,0.38,1.56,,,15.675
BLUE,Southern Plains,322,2020,2,storm_5,-0.404,-0.662,31,3786.9,1134,0,0,0.64,0.08,0.12,0.69,,,3.522
BLUE,Southern Plains,322,2020,2,storm_6,-0.119,0.892,41,13712.2,10241.3,8.7,1.3,0.00,0.66,0.49,1.36,-0.331,0.922,31.805
BLUE,Southern Plains,322,2020,3,storm_7,-0.204,0.908,44.5,10705.9,17426.6,21,1.3,0.00,0.65,0.46,1.41,,,54.120
BLUE,Southern Plains,322,2021,4,storm_2,-0.083,1,38,8325.3,15173.9,34.8,1,0.00,0.66,0.60,1.09,,,47.124
BLWA,Ozarks Complex,16159,2019,10,storm_7,0.693,-0.145,19.5,25896.2,46270,3.6,-0.4,0.71,0.20,0.03,6.50,-0.591,0.382,2.863
BLWA,Ozarks Complex,16159,2019,10,storm_8,0.392,-0.411,24.5,38421.7,83356.4,3.6,-0.6,0.08,0.20,0.08,2.48,-0.326,0.249,5.159
BLWA,Ozarks Complex,16159,2019,11,storm_12,0.633,0.197,101,140524.1,2536061.4,28.9,-0.5,0.00,0.47,0.26,1.79,0.016,0.745,156.944
BLWA,Ozarks Complex,16159,2019,11,storm_13,0.499,0.09,103,106323.1,1088196.5,4.2,0.1,0.51,0.24,0.15,1.60,-0.21,0.378,67.343
BLWA,Ozarks Complex,16159,2019,11,storm_9,-0.191,0.149,40.5,57730,195468,5.2,-0.5,0.00,0.12,0.13,0.87,0.044,0.04,12.097
BLWA,Ozarks Complex,16159,2019,12,storm_15,-0.313,0.439,37,67578.1,599636.4,11.5,-0.1,0.63,0.11,0.08,1.36,-0.273,0.614,37.109
BLWA,Ozarks Complex,16159,2019,12,storm_17,0.592,-0.179,111.5,284822.3,715091.4,1.4,-0.5,0.00,0.23,0.21,1.09,-0.455,0.345,44.253
BLWA,Ozarks Complex,16159,2022,1,storm_2,0.404,-0.019,87.5,264656.3,95269.3,0.7,-0.2,0.00,0.23,0.39,0.59,,,5.896
BLWA,Ozarks Complex,16159,2022,2,storm_6,0.439,-0.067,185,278349.9,266656.8,0.9,-0.1,0.00,0.18,0.62,0.29,,,16.502
BLWA,Ozarks Complex,16159,2022,5,storm_11,0.046,0.443,80,70181.8,96974.5,1.9,0.2,0.00,0.14,0.33,0.42,0.046,0.443,6.001
BLWA,Ozarks Complex,16159,2022,6,storm_12,0.105,-0.235,78,91409.9,48303.9,1.3,0.1,0.02,0.17,0.36,0.47,,,2.989
CARI,Taiga,31,2018,6,storm_3,-0.185,0.067,74,273.7,661.5,8.8,0.7,0.00,0.29,0.13,2.31,0.124,0.186,21.339
CARI,Taiga,31,2018,8,storm_7,0.095,0.591,25.5,144,78.3,0.9,4.5,0.00,0.16,0.03,6.07,,,2.526
CARI,Taiga,31,2018,9,storm_11,-0.146,0.779,32,148.3,271.3,0.4,0.7,0.00,0.04,0.05,0.76,-0.375,0.376,8.752
CARI,Taiga,31,2019,7,storm_10,-0.34,0.614,42,78.7,39.3,1.2,1.3,0.00,0.23,0.15,1.52,0.178,0.921,1.268
CARI,Taiga,31,2019,8,storm_12,0.139,0.846,111,1360,2800.3,6,0.5,0.00,0.45,0.89,0.50,0.403,0.291,90.332
CARI,Taiga,31,2019,8,storm_15,0.166,0.866,68.5,465.2,712.9,3.2,1,0.00,0.22,0.22,1.01,0.455,0.614,22.997
CARI,Taiga,31,2020,6,storm_1,-0.16,0.125,71.5,153.9,231.4,7.5,1.2,0.00,0.44,0.19,2.34,,,7.465
CARI,Taiga,31,2020,7,storm_5,-0.35,0.86,56.5,112.9,94,0.5,2.6,0.00,0.19,0.06,3.00,0.136,0.846,3.032
CARI,Taiga,31,2021,5,storm_2,-0.074,0.632,145,269.9,1103.7,2.3,1,0.00,0.32,0.35,0.92,0.218,0.542,35.603
CARI,Taiga,31,2021,7,storm_16,-0.304,0.909,67,131.8,47.4,0.7,1,0.00,0.26,0.24,1.08,0.474,0.949,1.529
CARI,Taiga,31,2021,8,storm_19,-0.288,0.862,87,152.4,191.3,1.4,1.3,0.00,0.18,0.14,1.33,0.461,0.895,6.171
CARI,Taiga,31,2021,8,storm_21,0.522,0.456,110.5,879.6,1417.9,2.9,0.4,0.00,0.30,0.39,0.76,0.689,0.627,45.739
COMO,Southern Rockies & Colorado Plateau,5,2019,7,storm_15,0.352,0.344,48.5,36.2,25.8,3.2,0.4,0.00,0.19,0.33,0.58,0.251,0.973,5.160
COMO,Southern Rockies & Colorado Plateau,5,2019,8,storm_16,0.21,0.639,35.5,54.7,17,1.8,0.3,0.00,0.13,0.44,0.31,0.264,0.308,3.400
COMO,Southern Rockies & Colorado Plateau,5,2019,8,storm_18,-0.004,0.811,25,28.1,5.6,1,0.4,0.00,0.09,0.21,0.42,0.403,0.79,1.120
COMO,Southern Rockies & Colorado Plateau,5,2019,8,storm_19,0.132,0.72,26,32.3,7.8,1.7,0.3,0.00,0.15,0.45,0.33,0.257,0.525,1.560
COMO,Southern Rockies & Colorado Plateau,5,2020,7,storm_22,-0.214,0.329,24.5,24.5,11.5,0.2,0.2,0.00,0.03,0.17,0.18,0.183,0.465,2.300
COMO,Southern Rockies & Colorado Plateau,5,2020,7,storm_24,0.285,0.676,18,24.3,5,1.4,0.4,0.00,0.11,0.26,0.42,0.501,0.196,1.000
COMO,Southern Rockies & Colorado Plateau,5,2021,4,storm_1,-0.486,0.742,60.5,34.2,10.4,0.8,0.1,0.00,0.16,0.49,0.32,-0.048,0.756,2.080
COMO,Southern Rockies & Colorado Plateau,5,2021,5,storm_3,-0.451,0.864,26,167.4,35.4,0.6,0,0.00,0.06,0.71,0.08,0.045,0.794,7.080
COMO,Southern Rockies & Colorado Plateau,5,2021,7,storm_15,0.187,0.697,54,87.2,79.8,1.6,0.4,0.00,0.15,0.41,0.37,0.203,0.143,15.960
COMO,Southern Rockies & Colorado Plateau,5,2021,7,storm_18,0.244,0.784,29.5,74,21.2,3.5,0.3,0.00,0.23,0.77,0.30,0.494,0.616,4.240
COMO,Southern Rockies & Colorado Plateau,5,2021,8,storm_19,-0.427,0.729,26,27.8,7.1,0.6,0.2,0.00,0.08,0.32,0.23,0.258,0.561,1.420
CUPE,Atlantic Neotropical,4.3,2018,9,storm_13,0.043,0.933,40,174.5,84.9,5.6,0.5,0.00,0.57,1.33,0.43,0.026,0.966,19.744
CUPE,Atlantic Neotropical,4.3,2018,10,storm_20,-0.345,0.752,56,136.1,54,1,1.2,0.00,0.39,0.31,1.24,-0.675,0.444,12.558
CUPE,Atlantic Neotropical,4.3,2018,11,storm_22,-0.26,0.761,42.5,117,36.9,1.4,1,0.00,0.36,0.35,1.01,-0.099,0.008,8.581
CUPE,Atlantic Neotropical,4.3,2018,11,storm_24,-0.313,0.463,70.5,410.2,708.4,11.1,0.7,0.00,0.46,0.57,0.81,-0.317,0.262,164.744
CUPE,Atlantic Neotropical,4.3,2019,5,storm_6,0.495,0.136,20.5,58.8,0.5,0.2,1.2,0.00,0.84,0.22,3.80,,,0.116
CUPE,Atlantic Neotropical,4.3,2019,6,storm_9,0.293,0.538,18.5,118.2,10,3.8,1.8,0.00,1.05,0.60,1.74,0.455,0.267,2.326
CUPE,Atlantic Neotropical,4.3,2019,7,storm_10,-0.049,0.921,73,148.4,34.2,2.3,1.5,0.00,0.95,0.73,1.29,0.164,0.593,7.953
CUPE,Atlantic Neotropical,4.3,2019,7,storm_11,0.465,0.646,44.5,115.1,5.7,0.8,1.5,0.00,0.74,0.31,2.38,0.441,0.293,1.326
CUPE,Atlantic Neotropical,4.3,2019,8,storm_13,0.641,0.448,18,64,0.8,0.5,1.4,0.00,0.80,0.30,2.64,0.68,0.167,0.186
CUPE,Atlantic Neotropical,4.3,2019,8,storm_14,0.346,0.533,38.5,105.5,5.5,0.8,0.8,0.00,0.51,0.52,0.98,0.491,0.186,1.279
CUPE,Atlantic Neotropical,4.3,2020,2,storm_1,0.008,0.548,35,66.1,10.2,3.5,2,0.00,0.74,0.25,2.97,0.112,0.065,2.372
CUPE,Atlantic Neotropical,4.3,2020,3,storm_3,0.093,0.886,30,67.3,8.4,1.2,0.8,0.00,0.27,0.35,0.77,0.415,0.859,1.953
CUPE,Atlantic Neotropical,4.3,2020,3,storm_4,-0.086,0.476,39,121.6,28.1,3.5,0.9,0.00,0.48,0.59,0.82,0.217,0.586,6.535
CUPE,Atlantic Neotropical,4.3,2020,4,storm_6,0.215,0.641,32,68.2,7.8,0.8,0.7,0.00,0.21,0.27,0.77,0.314,0.305,1.814
CUPE,Atlantic Neotropical,4.3,2020,6,storm_10,-0.079,0.603,44,194.5,69.7,6.5,0.8,0.00,0.74,0.98,0.75,-0.245,0.31,16.209
CUPE,Atlantic Neotropical,4.3,2020,7,storm_12,0.147,0.549,35.5,105.6,17.4,2,0.7,0.00,0.30,0.43,0.70,0.056,1,4.047
CUPE,Atlantic Neotropical,4.3,2020,7,storm_13,-0.147,0.999,39,115.3,27.7,1.4,0.9,0.00,0.28,0.31,0.90,-0.06,0.923,6.442
CUPE,Atlantic Neotropical,4.3,2020,8,storm_18,-0.005,1,26.5,35.9,5.6,0.2,0.4,0.00,0.07,0.13,0.52,,,1.302
CUPE,Atlantic Neotropical,4.3,2020,8,storm_19,-0.027,0.998,53,162.4,147.9,20.2,1.4,0.00,1.47,0.84,1.74,0.468,0.599,34.395
CUPE,Atlantic Neotropical,4.3,2020,8,storm_20,-0.069,0.797,33,145.2,53.2,6.4,1,0.00,0.55,0.69,0.80,-0.038,0.997,12.372
CUPE,Atlantic Neotropical,4.3,2020,9,storm_21,0.178,0.683,38.5,96.5,33.4,2.7,1.4,0.00,0.53,0.37,1.45,0.146,1,7.767
CUPE,Atlantic Neotropical,4.3,2020,9,storm_24,0.124,0.782,26,79.1,20.4,5.2,1.3,0.00,0.69,0.51,1.35,-0.026,0.907,4.744
CUPE,Atlantic Neotropical,4.3,2020,9,storm_25,0.033,0.833,31.5,99.9,25.1,4.4,1.5,0.00,0.57,0.32,1.78,0.061,0.842,5.837
CUPE,Atlantic Neotropical,4.3,2020,10,storm_29,-0.211,0.97,66,1258.4,887.3,6.3,0.6,0.00,1.22,3.39,0.36,0.118,1,206.349
FLNT,Southeast,15159,2018,12,storm_40,-0.188,0.619,169.5,185498.9,1126331.2,1.2,0.6,0.00,0.13,0.19,0.68,0.13,0.854,74.301
FLNT,Southeast,15159,2019,11,storm_8,-0.358,0.579,43.5,55709.7,38339.6,0.9,0.5,0.00,0.10,0.13,0.77,-0.256,0.949,2.529
FLNT,Southeast,15159,2020,1,storm_3,-0.141,0.052,75,36047.9,147845.8,0.4,0.6,0.00,0.05,0.05,0.96,,,9.753
FLNT,Southeast,15159,2020,10,storm_27,-0.406,0.584,41.5,80526.8,58304.7,0.6,0.2,0.00,0.07,0.15,0.47,-0.349,0.903,3.846
GUIL,Atlantic Neotropical,9.6,2019,4,storm_10,0.098,0.934,44.5,365,209.3,10.2,0.5,0.00,0.66,1.04,0.64,-0.023,1,21.802
GUIL,Atlantic Neotropical,9.6,2019,4,storm_9,0.113,0.868,22,143.1,19.4,1.8,0.3,0.00,0.19,0.50,0.38,0.239,0.951,2.021
GUIL,Atlantic Neotropical,9.6,2019,5,storm_12,-0.177,0.861,21.5,628.6,198.7,11.7,0.5,0.00,0.80,1.36,0.59,-0.409,0.366,20.698
GUIL,Atlantic Neotropical,9.6,2019,5,storm_18,0.233,0.589,46.5,124.7,26.8,0.8,0.4,0.00,0.22,0.51,0.43,0.417,0.701,2.792
GUIL,Atlantic Neotropical,9.6,2019,7,storm_24,0.064,0.699,47,414.7,275.7,19.3,0.5,0.00,0.86,0.91,0.94,0.074,0.665,28.719
GUIL,Atlantic Neotropical,9.6,2019,7,storm_25,0.294,0.355,23,674.7,117.1,5.4,0.4,0.00,0.49,0.60,0.82,0.315,0.157,12.198
GUIL,Atlantic Neotropical,9.6,2019,7,storm_27,0.219,0.736,48.5,607.4,259.7,7.2,0.6,0.00,0.60,0.85,0.71,0.149,0.661,27.052
GUIL,Atlantic Neotropical,9.6,2019,7,storm_28,-0.054,0.966,181.5,318.2,364,11.1,0.5,0.00,0.81,1.07,0.76,-0.129,0.999,37.917
GUIL,Atlantic Neotropical,9.6,2019,7,storm_30,-0.304,0.899,28.5,205.7,102.8,5.7,0.6,0.00,0.35,0.82,0.43,-0.102,0.866,10.708
GUIL,Atlantic Neotropical,9.6,2019,8,storm_31,0.185,0.717,29,203.6,127.7,4.9,0.3,0.00,0.18,0.83,0.22,-0.081,0.611,13.302
GUIL,Atlantic Neotropical,9.6,2019,8,storm_35,0.223,0.97,22,43.6,10.4,0.3,1.2,0.00,0.13,0.07,1.73,0.321,0.126,1.083
GUIL,Atlantic Neotropical,9.6,2019,8,storm_36,-0.026,0.913,33,164.3,30.4,0.8,0.5,0.00,0.20,0.39,0.50,0.275,0.71,3.167
GUIL,Atlantic Neotropical,9.6,2020,9,storm_12,-0.103,1,20.5,154.4,24.9,1.5,0.7,0.00,0.25,0.31,0.80,0.204,0.841,2.594
GUIL,Atlantic Neotropical,9.6,2020,9,storm_8,-0.401,0.972,23,61.3,25.4,1.6,2.1,0.00,0.38,0.15,2.46,-0.393,0.833,2.646
GUIL,Atlantic Neotropical,9.6,2020,11,storm_20,-0.179,0.683,20.5,123.7,112.3,10.1,0.6,0.00,0.33,0.25,1.31,-0.041,0.468,11.698
GUIL,Atlantic Neotropical,9.6,2020,11,storm_22,0.252,0.926,24.5,171.5,44.2,4.7,1.5,0.00,0.71,0.37,1.89,0.327,0.891,4.604
GUIL,Atlantic Neotropical,9.6,2020,11,storm_24,0.015,0.767,63.5,81.1,76.2,3.6,2.1,0.00,0.56,0.20,2.79,-0.034,0.559,7.938
GUIL,Atlantic Neotropical,9.6,2021,3,storm_2,0.04,0.948,24,300.5,47.9,3.4,0.9,0.00,0.52,0.50,1.03,,,4.990
GUIL,Atlantic Neotropical,9.6,2021,3,storm_3,-0.008,0.988,19.5,433.1,116.4,11,1.2,0.00,0.86,0.64,1.35,,,12.125
GUIL,Atlantic Neotropical,9.6,2021,4,storm_4,-0.124,0.661,22.5,145.2,13.3,0.6,2.2,0.00,0.31,0.13,2.47,,,1.385
GUIL,Atlantic Neotropical,9.6,2021,6,storm_11,0.229,0.981,31,373.3,171.2,8.8,1.4,0.00,0.95,0.58,1.63,,,17.833
GUIL,Atlantic Neotropical,9.6,2021,6,storm_12,0.119,0.975,30.5,182.2,57.5,5,1.9,0.00,0.71,0.25,2.80,,,5.990
GUIL,Atlantic Neotropical,9.6,2021,6,storm_13,0.378,0.399,22.5,315,67,5.5,1.1,0.00,0.73,0.44,1.67,,,6.979
GUIL,Atlantic Neotropical,9.6,2021,6,storm_9,-0.049,1,49.5,607.8,335.3,9.3,0.9,0.00,1.12,1.30,0.86,,,34.927
GUIL,Atlantic Neotropical,9.6,2021,7,storm_14,0.098,0.822,21.5,401.1,112,7.6,1,0.00,0.67,0.60,1.13,,,11.667
GUIL,Atlantic Neotropical,9.6,2021,7,storm_15,0.095,0.804,21,198.1,40.3,3.5,1.2,0.00,0.46,0.29,1.60,,,4.198
GUIL,Atlantic Neotropical,9.6,2021,8,storm_18,0.085,1,22.5,484.1,143.9,10.2,1,0.00,0.92,0.77,1.19,,,14.990
GUIL,Atlantic Neotropical,9.6,2021,9,storm_19,-0.206,0.989,19.5,234.5,46.1,4,1.2,0.00,0.49,0.39,1.27,,,4.802
GUIL,Atlantic Neotropical,9.6,2021,9,storm_20,-0.166,1,22,1413.1,487.3,10.6,0.8,0.00,0.84,1.36,0.62,,,50.760
GUIL,Atlantic Neotropical,9.6,2021,9,storm_21,0.079,0.966,55.5,1074.1,917.3,15.9,0.9,0.00,1.52,1.39,1.09,,,95.552
HOPB,Northeast,12,2018,12,storm_5,0.257,0.456,47.5,337.6,39.1,4.8,0.2,0.00,0.52,1.66,0.31,0.153,0.223,3.258
HOPB,Northeast,12,2019,3,storm_2,0.023,0.979,62,27.9,1.8,1,0.8,0.00,0.70,0.70,0.99,0.28,0.916,0.150
HOPB,Northeast,12,2019,3,storm_3,-0.05,0.976,34,29.7,1.3,0.6,0.6,0.00,0.31,0.47,0.66,0.343,0.947,0.108
HOPB,Northeast,12,2019,6,storm_13,0.345,0.819,49,146.7,56.3,2,0.6,0.00,0.31,0.41,0.76,0.396,0.699,4.692
HOPB,Northeast,12,2019,6,storm_14,0.229,0.614,69,129.9,69.3,1.7,0.5,0.00,0.28,0.43,0.64,0.435,0.774,5.775
HOPB,Northeast,12,2019,6,storm_15,0.227,0.7,93.5,142.2,118.2,2.7,0.6,0.00,0.35,0.53,0.67,0.343,0.746,9.850
HOPB,Northeast,12,2019,6,storm_17,0.501,0.591,88.5,240,218.4,8.7,0.5,0.00,0.72,1.10,0.66,0.477,0.46,18.200
HOPB,Northeast,12,2019,8,storm_26,0.307,0.85,76,84.4,23.2,1.9,0.6,0.00,0.51,0.97,0.52,0.461,0.592,1.933
HOPB,Northeast,12,2019,8,storm_27,0.347,0.768,69.5,44.6,11.6,2.3,0.7,0.00,0.52,0.76,0.68,0.428,0.772,0.967
HOPB,Northeast,12,2019,9,storm_32,-0.112,0.564,38.5,19.3,0.8,0.3,0.9,0.00,0.29,0.25,1.18,,,0.067
HOPB,Northeast,12,2019,10,storm_39,0.356,0.465,135.5,277.8,258.8,6.1,0.8,0.00,0.91,1.32,0.69,0.514,0.396,21.567
HOPB,Northeast,12,2019,10,storm_40,-0.112,0.917,105.5,106.5,58.9,1.3,0.6,0.00,0.33,0.57,0.57,0.202,0.288,4.908
HOPB,Northeast,12,2019,10,storm_41,0.015,0.98,55,354.8,90.5,1.6,0.4,0.00,0.31,0.51,0.60,0.549,0.553,7.542
HOPB,Northeast,12,2019,11,storm_43,-0.24,0.879,83,60.9,26.3,0.6,0.6,0.00,0.22,0.36,0.62,0.381,0.725,2.192
HOPB,Northeast,12,2019,11,storm_48,-0.055,0.769,88.5,56.8,28.9,0.7,0.6,0.00,0.22,0.36,0.61,0.44,0.842,2.408
HOPB,Northeast,12,2019,11,storm_50,0.302,0.686,79.5,342.2,204.4,3.6,0.6,0.00,0.52,0.86,0.60,0.588,0.485,17.033
HOPB,Northeast,12,2019,12,storm_53,-0.203,0.933,45.5,331,44.6,0.4,0.4,0.00,0.13,0.26,0.47,0.508,0.448,3.717
HOPB,Northeast,12,2020,1,storm_1,-0.288,0.944,116.5,178.9,100.4,0.7,0.6,0.00,0.26,0.42,0.62,0.295,0.91,8.367
HOPB,Northeast,12,2020,8,storm_14,0.004,0.27,67.5,45.6,19.4,1.1,0.4,0.00,0.27,0.64,0.41,0.209,0.686,1.617
HOPB,Northeast,12,2020,10,storm_21,0.086,0.935,75,134.5,87.1,5,0.4,0.00,0.35,0.90,0.40,-0.064,0.284,7.258
HOPB,Northeast,12,2020,10,storm_22,0.101,0.56,84.5,252.6,241.2,7.4,0.3,0.00,0.40,1.13,0.35,0.298,0.649,20.100
HOPB,Northeast,12,2020,10,storm_25,0.09,0.921,99.5,112.1,113.2,2,0.5,0.00,0.25,0.55,0.47,0.507,0.557,9.433
HOPB,Northeast,12,2020,11,storm_26,-0.141,0.597,171,36.5,84.9,0.7,0.5,0.00,0.23,0.52,0.45,0.163,0.694,7.075
HOPB,Northeast,12,2020,11,storm_30,0.169,0.932,52,115.8,48,2,0.4,0.00,0.21,0.46,0.46,0.409,0.565,4.000
HOPB,Northeast,12,2020,12,storm_33,0.03,0.894,100,182,174.1,1.5,0.5,0.00,0.28,0.60,0.46,0.381,0.663,14.508
HOPB,Northeast,12,2020,12,storm_36,-0.319,0.764,83.5,118.6,95.5,0.5,0.4,0.00,0.12,0.26,0.46,0.437,0.515,7.958
HOPB,Northeast,12,2020,12,storm_39,0.319,0.504,151,889,1326.1,7.5,0.5,0.00,0.56,1.01,0.55,0.27,0.16,110.508
HOPB,Northeast,12,2021,1,storm_1,0.101,0.66,118.5,245,233.1,2.1,0.6,0.00,0.33,0.69,0.48,0.496,0.49,19.425
HOPB,Northeast,12,2021,3,storm_12,0.241,0.682,64.5,271,164.3,1.9,0.7,0.00,0.32,0.46,0.71,0.38,0.619,13.692
HOPB,Northeast,12,2021,3,storm_9,0.054,0.872,67.5,152.5,81.6,1.3,0.7,0.00,0.26,0.38,0.69,0.317,0.726,6.800
HOPB,Northeast,12,2021,4,storm_16,0.119,0.76,134,73.9,161.7,1,0.7,0.00,0.20,0.31,0.66,0.365,0.638,13.475
HOPB,Northeast,12,2021,4,storm_17,0.416,0.439,137,532.7,1035.4,10.6,0.6,0.00,0.73,1.00,0.73,0.474,0.379,86.283
HOPB,Northeast,12,2021,5,storm_18,0.137,0.754,136,382.3,650.6,2.9,0.7,0.00,0.38,0.60,0.63,0.563,0.521,54.217
HOPB,Northeast,12,2021,8,storm_29,0.543,0.497,89.5,247,194.7,5.2,0.3,0.00,0.40,0.99,0.40,0.737,0.388,16.225
KING,Prairie Peninsula,13,2018,12,storm_2,0.002,0.1,55.5,93.2,74.6,32.4,1.9,0.00,1.22,0.21,5.92,0.002,0.1,5.738
KING,Prairie Peninsula,13,2019,8,storm_6,0.096,0.944,24.5,459.9,158.5,9.2,0.5,0.00,0.82,1.74,0.47,-0.046,0.936,12.192
KING,Prairie Peninsula,13,2019,8,storm_7,-0.042,0.907,61,261.7,171.2,8.7,0.9,0.00,1.36,1.94,0.70,0.056,0.77,13.169
KING,Prairie Peninsula,13,2019,10,storm_11,0.276,0.639,18,70.6,1.6,0.3,1.1,0.00,0.41,0.30,1.34,,,0.123
KING,Prairie Peninsula,13,2020,3,storm_5,0.125,0.21,19.5,27,5.3,0.2,1.9,0.00,0.10,0.03,3.87,0.318,0.359,0.408
KING,Prairie Peninsula,13,2020,4,storm_8,0.071,0.928,117.5,183.2,392,14,1.2,0.00,1.38,0.95,1.44,0.122,0.995,30.154
KING,Prairie Peninsula,13,2020,6,storm_13,0.368,0.148,18,74,7.3,2.3,0.8,0.00,0.51,0.23,2.18,0.634,0.311,0.562
KING,Prairie Peninsula,13,2020,6,storm_9,0.132,0.822,44.5,79.3,29.1,0.9,1.3,0.00,0.31,0.22,1.40,0.323,0.639,2.238
LECO,Appalachians & Cumberland Plateau,9.1,2017,10,storm_1,0.47,0.064,32,753.5,105.4,7.4,0.6,0.04,1.33,0.37,3.62,0.773,0.205,11.582
LECO,Appalachians & Cumberland Plateau,9.1,2017,10,storm_2,0.723,-0.031,34.5,437,55.2,1.1,1,0.00,0.71,0.20,3.60,,,6.066
LECO,Appalachians & Cumberland Plateau,9.1,2018,3,storm_3,0.124,0.625,35.5,372.8,86.9,3,1.3,0.00,0.68,0.36,1.92,-0.034,0.133,9.549
LECO,Appalachians & Cumberland Plateau,9.1,2018,6,storm_6,0.634,0.01,21,198.2,7.5,0.4,1.2,0.00,0.62,0.18,3.36,0.47,0.21,0.824
LECO,Appalachians & Cumberland Plateau,9.1,2018,7,storm_9,0.246,0.674,47.5,1135.7,584.8,17,0.9,0.00,1.80,1.06,1.70,0.268,0.706,64.264
LECO,Appalachians & Cumberland Plateau,9.1,2019,11,storm_10,0.606,0.163,50.5,708.8,128.1,6,1,0.00,1.17,0.54,2.18,0.129,0.099,14.077
LECO,Appalachians & Cumberland Plateau,9.1,2019,11,storm_9,0.657,0.116,28.5,208.4,6.4,0.5,0.2,0.38,0.56,0.24,2.33,0.609,0.239,0.703
LECO,Appalachians & Cumberland Plateau,9.1,2019,12,storm_11,0.587,0.157,43.5,472,33.6,2.1,1,0.00,1.01,0.37,2.70,0.561,0.175,3.692
LECO,Appalachians & Cumberland Plateau,9.1,2019,12,storm_12,0.595,0.383,41.5,485.9,39.1,1.8,0.9,0.00,0.91,0.40,2.28,0.573,0.381,4.297
LECO,Appalachians & Cumberland Plateau,9.1,2019,12,storm_13,0.453,0.463,51.5,359.3,35.1,0.9,1.3,0.00,0.69,0.30,2.31,0.627,0.408,3.857
LECO,Appalachians & Cumberland Plateau,9.1,2019,12,storm_14,0.267,0.589,26,212.4,13.7,0.2,1.1,0.00,0.19,0.14,1.37,0.544,0.423,1.505
LECO,Appalachians & Cumberland Plateau,9.1,2019,12,storm_15,,-0.404,40,256.1,12,0.2,2.1,0.00,0.44,0.15,3.01,,,1.319
LECO,Appalachians & Cumberland Plateau,9.1,2020,1,storm_3,0.568,0.371,25,310.3,36.6,0.7,0.7,0.00,0.21,0.18,1.16,0.311,0.092,4.022
LECO,Appalachians & Cumberland Plateau,9.1,2020,2,storm_7,0.401,0.415,73,758.9,190.8,1.2,0.6,0.00,0.47,0.67,0.70,0.513,0.377,20.967
LECO,Appalachians & Cumberland Plateau,9.1,2020,3,storm_8,0.558,0.272,35,357,30,1.3,0.9,0.00,0.59,0.28,2.07,0.658,0.216,3.297
LECO,Appalachians & Cumberland Plateau,9.1,2020,3,storm_9,0.525,0.207,30,249.7,15.8,0.8,0.4,0.18,0.50,0.19,2.59,0.459,0.241,1.736
LECO,Appalachians & Cumberland Plateau,9.1,2020,7,storm_11,0.636,-0.379,23.5,246.4,5.9,0.5,0.7,0.09,0.90,0.23,3.83,,,0.648
LECO,Appalachians & Cumberland Plateau,9.1,2020,8,storm_15,0.061,0.186,23,272.4,5.4,1.8,1.5,0.00,1.73,0.33,5.28,0.053,0.154,0.593
LECO,Appalachians & Cumberland Plateau,9.1,2020,9,storm_17,0.56,-0.006,22.5,154.9,2.1,0.2,2.2,0.00,0.65,0.11,5.69,0.617,0.201,0.231
LECO,Appalachians & Cumberland Plateau,9.1,2020,9,storm_18,0.724,0.475,44,467.2,92,3.1,0.8,0.00,0.80,0.45,1.80,0.672,0.212,10.110
LECO,Appalachians & Cumberland Plateau,9.1,2020,9,storm_19,0.405,0.337,47.5,511.8,80.7,1.4,0.5,0.00,0.46,0.31,1.45,0.441,0.217,8.868
LECO,Appalachians & Cumberland Plateau,9.1,2020,10,storm_20,0.687,0.468,32,341.3,39.8,2.6,0.6,0.00,0.68,0.46,1.48,0.601,0.392,4.374
LECO,Appalachians & Cumberland Plateau,9.1,2020,11,storm_22,0.218,0.238,32.5,362.5,44.3,3.7,0.7,0.00,0.69,0.49,1.41,0.275,0.121,4.868
LECO,Appalachians & Cumberland Plateau,9.1,2020,12,storm_24,0.643,0.418,34.5,541.7,128.3,8.5,1.1,0.00,1.14,0.56,2.04,0.741,0.28,14.099
LECO,Appalachians & Cumberland Plateau,9.1,2021,1,storm_2,0.483,0.386,46.5,757.2,276.5,14.7,1.1,0.00,1.80,0.83,2.18,0.548,0.302,30.385
LECO,Appalachians & Cumberland Plateau,9.1,2021,2,storm_4,0.401,0.609,18.5,474.4,36.9,1,1.9,0.00,0.42,0.18,2.38,0.623,0.403,4.055
LECO,Appalachians & Cumberland Plateau,9.1,2021,2,storm_5,0.69,0.199,26,368.7,35.7,0.7,1.8,0.00,0.43,0.11,3.81,,,3.923
LECO,Appalachians & Cumberland Plateau,9.1,2021,3,storm_10,0.593,0.358,25.5,475.6,43.8,1.1,2.8,0.00,0.63,0.12,5.16,0.691,0.297,4.813
LECO,Appalachians & Cumberland Plateau,9.1,2021,3,storm_11,0.531,0.183,28.5,394.3,38,0.8,2.7,0.00,0.54,0.08,6.43,,,4.176
LECO,Appalachians & Cumberland Plateau,9.1,2021,3,storm_6,0.462,0.647,27,656.6,92.2,4,1.8,0.00,0.91,0.32,2.85,0.761,0.303,10.132
LECO,Appalachians & Cumberland Plateau,9.1,2021,4,storm_12,0.4,-0.025,32.5,434.8,46.2,4,1.4,0.00,1.22,0.28,4.38,,,5.077
LECO,Appalachians & Cumberland Plateau,9.1,2021,5,storm_13,0.616,0.107,26,702.9,71.7,2.8,1.7,0.00,1.12,0.31,3.55,,,7.879
LECO,Appalachians & Cumberland Plateau,9.1,2021,5,storm_14,0.613,0.041,19,394.6,24.3,1.2,2.2,0.00,0.80,0.16,4.90,,,2.670
LECO,Appalachians & Cumberland Plateau,9.1,2021,6,storm_16,0.563,-0.124,30.5,422.3,47.9,1.9,2.4,0.00,1.14,0.19,6.06,,,5.264
LECO,Appalachians & Cumberland Plateau,9.1,2021,6,storm_17,0.648,0.176,24.5,532.7,37.6,1.2,1.4,0.00,0.78,0.25,3.09,0.678,0.075,4.132
LECO,Appalachians & Cumberland Plateau,9.1,2021,7,storm_18,0.547,-0.131,26,444.5,25,1.2,1,0.01,0.87,0.22,3.95,,,2.747
LECO,Appalachians & Cumberland Plateau,9.1,2021,8,storm_19,0.646,0.36,21,447.8,32.3,1.6,3.6,0.00,1.11,0.18,6.04,0.7,0.203,3.549
LECO,Appalachians & Cumberland Plateau,9.1,2021,8,storm_20,0.52,0.689,41.5,1269,320,4.7,0.9,0.00,1.00,0.58,1.71,0.643,0.653,35.165
LEWI,Mid-Atlantic,11.9,2018,11,storm_12,0.258,0.868,35,225.4,256.2,8.7,2.6,0.00,0.57,0.16,3.59,0.088,0.979,21.529
LEWI,Mid-Atlantic,11.9,2019,2,storm_15,0.245,0.244,20.5,264.4,92.2,3.5,0,0.92,0.31,0.20,1.59,,,7.748
LEWI,Mid-Atlantic,11.9,2019,3,storm_17,-0.294,0.536,45,240.1,54.5,0.9,0.6,0.00,0.27,0.25,1.08,-0.089,0.225,4.580
LEWI,Mid-Atlantic,11.9,2019,10,storm_24,0.194,0.533,21,167.9,17.8,1.5,0.9,0.00,0.19,0.16,1.17,0.275,0.321,1.496
LEWI,Mid-Atlantic,11.9,2020,7,storm_4,0.085,0.52,46,1994.6,602.6,1.2,0.9,0.00,0.34,0.29,1.18,0.057,0.462,50.639
LEWI,Mid-Atlantic,11.9,2020,7,storm_5,0.207,0.761,23,1592,303.2,5.4,1.4,0.00,0.99,0.33,3.03,0.244,0.745,25.479
LEWI,Mid-Atlantic,11.9,2021,2,storm_3,-0.146,0.887,19.5,32.2,11.6,4.5,5,0.00,0.56,0.08,6.82,0.003,0.651,0.975
LEWI,Mid-Atlantic,11.9,2021,2,storm_5,0.504,0.552,60.5,51.3,105.8,3.8,2,0.00,0.38,0.05,6.91,0.427,1,8.891
LEWI,Mid-Atlantic,11.9,2021,4,storm_7,0.234,0.97,20.5,36.3,12.5,2.1,2.9,0.00,0.30,0.07,4.52,0.367,0.863,1.050
LEWI,Mid-Atlantic,11.9,2021,9,storm_8,-0.023,0.902,36.5,60.7,43.8,14.3,1.3,0.00,0.59,0.41,1.46,0.175,0.869,3.681
MART,Pacific Northwest,6.3,2018,4,storm_1,0.708,0.135,39,1121.9,137,0.9,0,0.94,0.55,0.17,3.14,0.682,0.588,21.746
MART,Pacific Northwest,6.3,2019,4,storm_2,0.46,0.269,105.5,1419.3,493.9,3.4,0.1,0.51,1.02,0.25,4.11,0.615,0.421,78.397
MART,Pacific Northwest,6.3,2019,10,storm_4,0.664,0.197,43,805.5,100.7,1.8,0.2,0.55,0.64,0.15,4.22,0.65,0.211,15.984
MART,Pacific Northwest,6.3,2019,10,storm_5,0.434,0.465,29,488,38.6,0.2,3.7,0.00,0.38,0.08,4.70,0.526,0.505,6.127
MART,Pacific Northwest,6.3,2019,12,storm_6,0.824,-0.244,52.5,869,53.2,0.3,-0.7,0.00,0.60,0.19,3.15,0.699,0.171,8.444
MART,Pacific Northwest,6.3,2019,12,storm_7,0.046,0.131,95.5,1586.2,431.3,9.5,1.6,0.00,1.65,0.40,4.13,-0.022,0.49,68.460
MART,Pacific Northwest,6.3,2020,1,storm_3,0.578,0.299,92.5,839.9,111,0.1,0.5,0.00,0.19,0.21,0.94,0.474,0.388,17.619
MART,Pacific Northwest,6.3,2020,1,storm_4,0.377,0.572,83.5,2191.2,169.6,0.4,0.3,0.00,0.47,0.42,1.11,0.324,0.916,26.921
MART,Pacific Northwest,6.3,2020,10,storm_10,0.62,0.294,29.5,846.6,61.8,0.8,0.4,0.02,0.44,0.35,1.27,0.72,0.287,9.810
MART,Pacific Northwest,6.3,2020,10,storm_11,0.311,0.561,19,621.4,26.8,0.4,2.1,0.00,0.34,0.13,2.55,0.414,0.559,4.254
MART,Pacific Northwest,6.3,2020,12,storm_16,0.002,0.092,120,915.6,553.9,14.2,1.2,0.00,1.62,0.29,5.53,0.289,0.554,87.921
MART,Pacific Northwest,6.3,2021,1,storm_1,0.185,0.924,138,1358.6,377.4,1.9,0.7,0.00,0.66,0.33,1.98,0.094,0.619,59.905
MAYF,Ozarks Complex,14.4,2017,11,storm_3,0.168,0.194,21,834.7,28.6,1.3,0.3,0.00,0.38,0.68,0.56,0.476,0.611,1.986
MAYF,Ozarks Complex,14.4,2017,11,storm_4,0.315,0.548,21,439.5,7.4,0.2,0.5,0.00,0.26,0.40,0.64,0.609,0.461,0.514
MAYF,Ozarks Complex,14.4,2017,12,storm_5,0.218,0.694,33,513.3,19.8,0.3,0.9,0.00,0.43,0.48,0.90,0.448,0.481,1.375
MAYF,Ozarks Complex,14.4,2017,12,storm_7,0.15,0.679,28,412.4,11,0.4,0.7,0.00,0.32,0.40,0.80,0.291,0.922,0.764
MAYF,Ozarks Complex,14.4,2018,1,storm_2,0.046,0.553,60.5,725.7,73.1,1.7,1.2,0.00,0.97,0.75,1.30,0.077,0.617,5.076
MAYF,Ozarks Complex,14.4,2018,1,storm_3,-0.676,0.28,18.5,161.2,1.8,0.1,0.4,0.53,0.40,0.10,3.92,0.127,0.42,0.125
MAYF,Ozarks Complex,14.4,2018,2,storm_5,0.191,1,62.5,2759.7,471.8,3.5,1.2,0.00,1.35,1.02,1.32,0.089,0.295,32.764
MAYF,Ozarks Complex,14.4,2018,2,storm_6,-0.117,0.236,57,3011.6,1188.5,10.2,0.2,0.12,0.76,0.81,0.93,0.349,0.781,82.535
MAYF,Ozarks Complex,14.4,2018,3,storm_10,-0.087,0.972,41.5,633.3,39.3,0.7,1.5,0.00,0.80,0.56,1.43,0.276,0.906,2.729
MAYF,Ozarks Complex,14.4,2018,3,storm_14,0.545,0.393,29,619.4,42.1,0.8,0.5,0.00,0.53,0.55,0.96,0.507,0.568,2.924
MAYF,Ozarks Complex,14.4,2018,4,storm_16,0.208,0.137,124,2206.1,796.7,3,0.1,0.03,0.70,1.26,0.56,0.028,0.141,55.326
MAYF,Ozarks Complex,14.4,2018,4,storm_17,0.22,0.549,74.5,745.9,111.6,1.3,1.2,0.00,1.02,0.88,1.15,0.141,0.41,7.750
MAYF,Ozarks Complex,14.4,2018,4,storm_18,-0.182,0.915,38,510.6,32,0.7,1.4,0.00,0.72,0.48,1.50,0.312,0.731,2.222
MAYF,Ozarks Complex,14.4,2018,7,storm_23,0.385,0.02,44.5,709.9,92.7,0.9,0.2,0.00,0.34,0.79,0.43,0.516,0.371,6.438
MAYF,Ozarks Complex,14.4,2018,8,storm_24,0.337,0.468,26,2043.6,93.1,1.7,0.7,0.00,0.91,1.12,0.81,0.545,0.362,6.465
MAYF,Ozarks Complex,14.4,2018,9,storm_25,0.103,0.7,25,500.9,38.2,1.2,0.5,0.00,0.33,0.48,0.69,,,2.653
MAYF,Ozarks Complex,14.4,2018,10,storm_27,-0.162,0.749,19,234,5.2,0.2,0.6,0.00,0.19,0.25,0.79,0.44,0.626,0.361
MAYF,Ozarks Complex,14.4,2018,11,storm_28,0.119,0.786,20.5,565.6,38.4,0.9,0.6,0.00,0.33,0.58,0.58,0.576,0.571,2.667
MAYF,Ozarks Complex,14.4,2018,11,storm_29,-0.479,0.83,19.5,388.3,13.9,0.2,0.1,0.04,0.09,0.37,0.25,0.457,0.499,0.965
MAYF,Ozarks Complex,14.4,2018,11,storm_30,0.152,0.035,46.5,1035.1,117.8,0.4,0.4,0.00,0.46,0.79,0.59,,,8.181
MAYF,Ozarks Complex,14.4,2018,12,storm_34,-0.146,0.786,22.5,297.8,7.3,0.2,3,0.00,0.38,0.11,3.37,-0.21,0.719,0.507
MAYF,Ozarks Complex,14.4,2019,3,storm_10,0.076,0.395,28.5,511.9,53,1.9,1.9,0.00,0.74,0.32,2.30,0.311,0.773,3.681
MAYF,Ozarks Complex,14.4,2019,3,storm_9,-0.119,0.487,62,617.4,1287.5,9.1,0.4,0.00,0.22,0.47,0.46,-0.114,0.164,89.410
MAYF,Ozarks Complex,14.4,2019,4,storm_12,0.212,0.284,73,873,460.8,5.9,0.8,0.00,0.72,0.94,0.76,0.061,0.207,32.000
MAYF,Ozarks Complex,14.4,2019,4,storm_15,0.464,0.66,96,1144.9,441.3,2,0.9,0.00,0.90,0.84,1.08,0.33,0.737,30.646
MAYF,Ozarks Complex,14.4,2019,4,storm_16,0.404,0.753,54.5,578.1,137.6,1.5,1,0.00,0.61,0.53,1.14,0.476,0.698,9.556
MAYF,Ozarks Complex,14.4,2019,5,storm_18,0.502,0.565,40,1243.8,238.4,2.8,0.7,0.00,0.73,0.88,0.83,0.558,0.472,16.556
MAYF,Ozarks Complex,14.4,2019,6,storm_20,0.142,0.871,46.5,322,71.6,1.5,0.4,0.00,0.27,0.66,0.41,0.278,0.849,4.972
MAYF,Ozarks Complex,14.4,2019,6,storm_21,0.178,0.8,21.5,562.8,46.8,1.2,0.4,0.00,0.31,0.63,0.48,0.237,0.974,3.250
MAYF,Ozarks Complex,14.4,2019,6,storm_22,0.146,0.508,20.5,502.3,41.9,1.4,0.5,0.00,0.36,0.66,0.54,0.216,0.571,2.910
MAYF,Ozarks Complex,14.4,2019,7,storm_25,0.328,0.632,50.5,1132.3,198.2,1.8,0.5,0.00,0.63,1.18,0.53,0.472,0.404,13.764
MAYF,Ozarks Complex,14.4,2019,8,storm_31,0.132,0.911,37,487.5,94.7,1.1,0.8,0.00,0.27,0.30,0.89,0.217,0.998,6.576
MAYF,Ozarks Complex,14.4,2019,8,storm_33,0.199,0.885,68,814.2,287.6,1,0.5,0.00,0.29,0.47,0.61,0.261,0.848,19.972
MAYF,Ozarks Complex,14.4,2019,8,storm_34,-0.174,0.754,49,351.3,125.8,0.5,0.7,0.00,0.19,0.25,0.76,0.003,0.926,8.736
MAYF,Ozarks Complex,14.4,2019,10,storm_36,0.176,0.944,51.5,472.8,109.6,1.3,0.6,0.00,0.29,0.46,0.63,0.208,0.991,7.611
MAYF,Ozarks Complex,14.4,2019,11,storm_39,-0.269,0.951,22,339.2,43,0.8,0.8,0.00,0.22,0.25,0.85,0.357,0.658,2.986
MAYF,Ozarks Complex,14.4,2019,11,storm_40,-0.389,1,20.5,337.4,39.3,0.7,0.8,0.00,0.21,0.23,0.89,0.182,0.919,2.729
MAYF,Ozarks Complex,14.4,2019,12,storm_41,-0.035,0.959,18,242.5,23.9,0.5,0.8,0.00,0.14,0.16,0.88,,,1.660
MAYF,Ozarks Complex,14.4,2019,12,storm_43,0.094,0.856,33.5,613.2,103,1,0.8,0.00,0.29,0.36,0.79,0.404,0.651,7.153
MAYF,Ozarks Complex,14.4,2019,12,storm_44,0.258,0.736,74,955.7,326.8,1.9,0.5,0.00,0.35,0.72,0.49,0.292,0.819,22.694
MAYF,Ozarks Complex,14.4,2020,3,storm_5,0.171,0.918,19.5,233,26,0.8,2.4,0.00,0.34,0.13,2.59,0.177,0.919,1.806
MAYF,Ozarks Complex,14.4,2020,4,storm_7,0.391,0.44,18,182.1,28.9,0.4,1.9,0.00,0.24,0.10,2.42,0.352,0.663,2.007
MAYF,Ozarks Complex,14.4,2020,4,storm_9,0.083,0.953,40.5,447.2,81.6,0.9,1.1,0.00,0.44,0.36,1.22,0.348,0.82,5.667
MAYF,Ozarks Complex,14.4,2020,5,storm_10,0.358,0.625,27,431,75.5,2.4,0.9,0.00,0.45,0.48,0.95,0.35,0.833,5.243
MAYF,Ozarks Complex,14.4,2020,6,storm_13,0.495,0.299,22.5,288.2,42,0.8,0.8,0.00,0.25,0.24,1.05,0.538,0.466,2.917
MAYF,Ozarks Complex,14.4,2020,6,storm_14,0.312,0.802,33,412.5,75,1.2,0.7,0.00,0.28,0.35,0.79,0.271,0.84,5.208
MAYF,Ozarks Complex,14.4,2020,7,storm_18,0.264,0.722,25,401.1,57.2,1.7,0.7,0.00,0.32,0.46,0.70,0.377,0.759,3.972
MAYF,Ozarks Complex,14.4,2020,7,storm_19,0.297,0.606,25.5,379.8,57,1.5,0.7,0.00,0.35,0.51,0.70,0.268,0.836,3.958
MAYF,Ozarks Complex,14.4,2020,7,storm_20,0.045,0.588,30,247.5,40.9,0.7,0.8,0.00,0.23,0.28,0.80,0.177,0.738,2.840
MAYF,Ozarks Complex,14.4,2020,10,storm_25,0.3,0.567,25.5,563,33.8,0.9,0.8,0.00,0.52,0.65,0.81,0.569,0.548,2.347
MAYF,Ozarks Complex,14.4,2020,11,storm_28,0.26,0.841,19,249,4,0.3,2.4,0.00,0.66,0.23,2.94,0.411,0.763,0.278
MAYF,Ozarks Complex,14.4,2021,5,storm_7,0.337,0.664,23.5,361.7,56.6,1.6,0.4,0.00,0.26,0.44,0.58,0.282,0.86,3.931
MAYF,Ozarks Complex,14.4,2021,6,storm_8,0.325,0.674,33,831.4,150.8,2.6,0.4,0.00,0.37,0.79,0.47,0.335,0.503,10.472
MAYF,Ozarks Complex,14.4,2021,7,storm_13,0.109,0.968,27,342.2,47.5,2.2,0.6,0.00,0.37,0.51,0.73,0.221,0.933,3.299
MAYF,Ozarks Complex,14.4,2021,7,storm_16,0.368,0.825,24,364.4,36.5,1.3,0.5,0.00,0.27,0.41,0.67,0.421,0.736,2.535
MAYF,Ozarks Complex,14.4,2021,7,storm_17,-0.287,0.992,21,402.3,45.4,1.4,0.6,0.00,0.29,0.48,0.62,-0.134,0.917,3.153
MAYF,Ozarks Complex,14.4,2021,7,storm_18,-0.091,0.794,20,284.6,28.3,1.2,0.3,0.00,0.17,0.36,0.46,0.082,0.689,1.965
MAYF,Ozarks Complex,14.4,2021,8,storm_19,0.195,0.736,24.5,301.7,28.2,1.5,0.5,0.00,0.32,0.43,0.74,0.233,0.631,1.958
MAYF,Ozarks Complex,14.4,2021,8,storm_20,0.259,0.915,20,454.1,40.6,1.5,0.3,0.00,0.21,0.55,0.38,0.334,0.788,2.819
MAYF,Ozarks Complex,14.4,2021,8,storm_21,0.321,0.764,30.5,312.1,43.5,0.7,0.3,0.00,0.17,0.39,0.43,0.133,0.817,3.021
MAYF,Ozarks Complex,14.4,2021,8,storm_22,0.421,0.767,26,485.1,67.3,1.9,0.6,0.00,0.40,0.56,0.71,0.346,0.813,4.674
MCDI,Prairie Peninsula,22.6,2019,1,storm_2,0.247,0.449,24,182.6,375,16.7,0.5,0.00,0.16,0.20,0.78,0.371,0.572,16.593
MCDI,Prairie Peninsula,22.6,2019,8,storm_10,-0.057,0.983,38,1780.4,1675.3,12.9,0.2,0.00,0.26,1.69,0.16,0.168,0.78,74.128
MCDI,Prairie Peninsula,22.6,2019,8,storm_8,-0.327,0.71,26,1239.6,1078.5,15.9,0.3,0.00,0.24,1.28,0.19,0.071,0.656,47.721
MCDI,Prairie Peninsula,22.6,2020,4,storm_2,0.309,0.284,39,1400.4,2222.5,49,0.5,0.00,0.83,0.76,1.10,0.193,0.999,98.341
MCDI,Prairie Peninsula,22.6,2020,5,storm_3,0.281,0.897,34.5,671.8,882.7,22.5,0.4,0.00,0.50,0.93,0.54,0.298,0.979,39.058
MCDI,Prairie Peninsula,22.6,2020,5,storm_4,0.298,0.951,32,823.6,1340.6,37.4,0.6,0.00,0.54,0.90,0.60,0.404,0.813,59.319
MCDI,Prairie Peninsula,22.6,2020,5,storm_5,0.237,0.774,71.5,774.1,2307.2,27,0.7,0.00,0.44,0.52,0.85,0.363,0.79,102.088
MCRA,Pacific Northwest,3.9,2018,12,storm_2,0.488,0.488,46,351,25.6,0.4,1.1,0.00,0.53,0.26,2.04,,,6.564
MCRA,Pacific Northwest,3.9,2018,12,storm_5,0.707,0.68,46,669.5,6.1,0.2,1.7,0.00,0.99,0.18,5.48,0.206,0.027,1.564
MCRA,Pacific Northwest,3.9,2020,12,storm_14,0.504,0.95,134.5,467.8,260.1,2.4,1.5,0.00,1.01,0.37,2.73,0.208,0.685,66.692
MCRA,Pacific Northwest,3.9,2021,1,storm_1,0.323,0.34,129.5,385.4,57.9,0.8,0.2,0.01,0.34,0.26,1.33,0.595,0.931,14.846
MCRA,Pacific Northwest,3.9,2021,1,storm_4,0.237,0.639,143.5,341.9,99.4,2.1,1.4,0.00,1.03,0.31,3.32,0.104,0.86,25.487
POSE,Mid-Atlantic,2,2017,10,storm_1,-0.185,1,19.5,52.3,14.3,4.5,0.2,0.00,0.25,0.84,0.29,-0.028,0.811,7.150
POSE,Mid-Atlantic,2,2018,5,storm_11,-0.175,0.057,24,59.8,21,22.1,0.9,0.00,1.65,0.77,2.14,0.579,0.883,10.500
POSE,Mid-Atlantic,2,2019,3,storm_11,0.427,0.654,32,48.6,28.7,2.6,0.3,0.00,0.18,0.36,0.50,0.388,0.841,14.350
POSE,Mid-Atlantic,2,2019,4,storm_22,0.657,0.428,90.5,277.4,277.7,15.1,0.7,0.00,1.49,1.11,1.34,0.632,0.649,138.850
POSE,Mid-Atlantic,2,2019,5,storm_33,0.175,0.994,68.5,47.3,31.1,6.2,0.9,0.00,0.84,0.69,1.21,0.184,0.996,15.550
POSE,Mid-Atlantic,2,2019,5,storm_34,0.415,0.981,35,41.6,12.2,3.3,1.3,0.00,0.58,0.37,1.57,0.337,0.999,6.100
POSE,Mid-Atlantic,2,2019,5,storm_35,0.13,0.909,60,93.1,49.9,5.7,0.7,0.00,0.82,1.18,0.69,0.314,0.643,24.950
POSE,Mid-Atlantic,2,2019,6,storm_39,0.175,0.976,21,28.1,5.9,4.4,0.7,0.00,0.55,0.85,0.64,0.141,1,2.950
POSE,Mid-Atlantic,2,2019,7,storm_41,0.369,0.668,23.5,58.5,13.9,4.7,0.4,0.00,0.51,1.24,0.41,0.585,0.259,6.950
POSE,Mid-Atlantic,2,2019,7,storm_43,0.178,1,22.5,36,7.9,4.5,0.6,0.00,0.55,1.23,0.44,0.311,0.746,3.950
POSE,Mid-Atlantic,2,2019,10,storm_44,0.073,1,24.5,66.5,16.1,5.6,0.5,0.00,0.41,0.73,0.56,0.115,1,8.050
POSE,Mid-Atlantic,2,2019,10,storm_45,0.075,0.908,46,56.8,29.8,5.9,0.5,0.00,0.43,1.16,0.37,0.253,0.582,14.900
POSE,Mid-Atlantic,2,2019,12,storm_46,0.388,0.655,25.5,31.3,7.8,1.5,0.2,0.00,0.17,0.44,0.39,0.484,0.525,3.900
POSE,Mid-Atlantic,2,2019,12,storm_48,0.242,0.765,33.5,39.8,11.4,6.2,0.7,0.00,0.55,0.57,0.97,0.312,0.764,5.700
POSE,Mid-Atlantic,2,2020,1,storm_1,-0.087,0.355,20.5,26,5.4,2.3,0.2,0.05,0.23,0.35,0.66,0.467,0.338,2.700
POSE,Mid-Atlantic,2,2020,4,storm_2,0.451,0.516,40,57.3,34.2,6.4,0.6,0.00,0.56,0.52,1.07,0.538,0.666,17.100
POSE,Mid-Atlantic,2,2020,4,storm_5,0.681,0.323,72,72.4,72.3,12.9,0.6,0.00,0.80,0.76,1.05,0.678,0.303,36.150
POSE,Mid-Atlantic,2,2020,5,storm_6,0.382,0.182,31.5,32.6,13.9,2.9,0.7,0.00,0.39,0.47,0.84,0.377,0.242,6.950
POSE,Mid-Atlantic,2,2020,9,storm_10,0.374,0.34,22.5,122,15.2,2.2,0.2,0.00,0.38,1.29,0.30,0.634,0.235,7.600
POSE,Mid-Atlantic,2,2020,9,storm_11,0.265,0.429,28,82,10.5,2.5,0.4,0.00,0.45,0.81,0.56,0.398,0.141,5.250
POSE,Mid-Atlantic,2,2020,10,storm_12,0.103,0.775,52.5,59.6,12.1,1.3,0.4,0.00,0.30,0.63,0.48,0.22,0.694,6.050
POSE,Mid-Atlantic,2,2020,10,storm_13,0.37,0.412,30.5,43.2,4.9,0.7,0.4,0.00,0.26,0.50,0.52,0.531,0.033,2.450
POSE,Mid-Atlantic,2,2020,11,storm_14,0.45,0.782,40.5,69.5,27.6,6.8,0.1,0.04,0.33,0.99,0.33,0.469,0.747,13.800
POSE,Mid-Atlantic,2,2021,4,storm_5,0.206,0.548,57,36.1,19.2,2.9,0.8,0.00,0.39,0.44,0.90,0.322,0.776,9.600
POSE,Mid-Atlantic,2,2021,4,storm_6,0.407,0.352,19,27,4.5,0.9,0.5,0.00,0.20,0.30,0.68,0.455,0.585,2.250
POSE,Mid-Atlantic,2,2021,9,storm_8,0.284,0.706,35,126.1,31.9,1.9,0.2,0.00,0.28,0.97,0.29,0.559,0.786,15.950
PRIN,Southern Plains,48.9,2019,3,storm_3,-0.124,0.981,21.5,854.8,955,26.1,0.2,0.00,0.26,0.89,0.29,0.076,0.528,19.530
PRIN,Southern Plains,48.9,2019,4,storm_5,0.063,0.996,46,599.5,583.5,13.8,0.3,0.00,0.33,0.62,0.53,0.219,0.366,11.933
PRIN,Southern Plains,48.9,2019,4,storm_6,0.252,0.687,40,1921.6,2795.1,33.2,0.3,0.00,0.51,1.44,0.35,0.021,1,57.160
PRIN,Southern Plains,48.9,2019,11,storm_10,-0.144,0.737,27,1451,986.6,10.7,0.1,0.01,0.16,0.88,0.18,0.205,0.713,20.176
PRIN,Southern Plains,48.9,2020,2,storm_1,0.402,0.527,39.5,1366.6,1887.7,32.5,0.2,0.00,0.48,1.03,0.46,-0.012,0.756,38.603
PRIN,Southern Plains,48.9,2020,3,storm_2,0.221,0.758,50.5,1896.8,2873.9,17.8,0.3,0.00,0.38,0.97,0.40,-0.011,0.657,58.771
PRIN,Southern Plains,48.9,2020,3,storm_3,0.286,0.455,43,1323.4,1756.5,32,0.3,0.00,0.47,1.17,0.40,0.125,0.747,35.920
PRIN,Southern Plains,48.9,2020,3,storm_4,-0.118,0.754,28,392.4,199.4,3.8,0.3,0.00,0.15,0.38,0.40,0.087,0.725,4.078
PRIN,Southern Plains,48.9,2020,6,storm_9,-0.36,0.747,31,642.2,428.7,4,0.2,0.00,0.15,0.73,0.21,0.204,0.593,8.767
PRIN,Southern Plains,48.9,2020,7,storm_10,0.047,0.61,30.5,2101.8,1495.1,17.5,0.3,0.00,0.39,1.55,0.25,0.162,0.687,30.575
PRIN,Southern Plains,48.9,2021,5,storm_3,0.323,0.648,47,1967.6,3009.5,22.7,0.1,0.00,0.21,1.05,0.20,0.445,0.928,61.544
PRIN,Southern Plains,48.9,2021,5,storm_5,0.084,1,36,1143.6,1141.4,11.7,0.2,0.00,0.26,1.07,0.25,0.24,0.494,23.342
PRIN,Southern Plains,48.9,2021,5,storm_6,0.069,0.89,44,2159.4,2935.5,15.5,0.2,0.00,0.30,1.28,0.23,0.079,0.942,60.031
PRIN,Southern Plains,48.9,2021,6,storm_7,-0.258,0.774,51.5,769.5,1318.7,15.9,0.4,0.00,0.28,0.64,0.44,0.227,0.527,26.967
REDB,Great Basin,16.7,2019,4,storm_43,-0.474,0.493,21.5,57.8,2.9,0.5,1.2,0.00,0.33,0.15,2.25,-0.244,0.591,0.174
REDB,Great Basin,16.7,2019,4,storm_44,0.043,1,69,419.7,597.4,15.5,1.1,0.00,0.65,0.86,0.75,0.202,0.372,35.772
REDB,Great Basin,16.7,2019,4,storm_47,0.248,0.682,67,1170.6,2834.4,33.4,0.3,0.00,0.56,1.93,0.29,0.021,0.998,169.725
REDB,Great Basin,16.7,2020,2,storm_2,0.39,0.531,69.5,792.8,1930.4,32.8,0.3,0.00,0.55,1.51,0.37,-0.015,0.76,115.593
REDB,Great Basin,16.7,2020,3,storm_3,0.206,0.768,74,1308.8,2905.4,18.5,0.3,0.00,0.48,1.29,0.37,-0.008,0.668,173.976
REDB,Great Basin,16.7,2020,3,storm_4,0.274,0.469,57.5,1001.7,1789.1,32.7,0.3,0.00,0.50,1.39,0.36,0.121,0.754,107.132
REDB,Great Basin,16.7,2020,3,storm_5,-0.122,0.762,42.5,274.3,232.3,4,0.2,0.00,0.16,0.54,0.29,0.085,0.752,13.910
REDB,Great Basin,16.7,2020,6,storm_9,-0.222,0.473,57.5,363.6,467.7,4.2,0.4,0.00,0.34,1.05,0.33,0.176,0.686,28.006
REDB,Great Basin,16.7,2020,7,storm_10,0.048,0.582,70.5,930.7,1524.5,17.5,0.4,0.00,0.66,2.42,0.27,0.162,0.685,91.287
REDB,Great Basin,16.7,2021,5,storm_12,0.074,1,53.5,782.8,1162.3,12.9,0.3,0.00,0.39,1.39,0.28,0.231,0.571,69.599
REDB,Great Basin,16.7,2021,5,storm_13,0.066,0.883,85,1137.6,2998.3,15.8,0.3,0.00,0.48,1.89,0.25,0.076,0.948,179.539
REDB,Great Basin,16.7,2021,5,storm_9,0.301,0.622,112.5,853.6,3099.6,23.6,0.3,0.00,0.53,1.82,0.29,0.434,0.928,185.605
REDB,Great Basin,16.7,2021,6,storm_14,-0.245,0.78,81.5,500.3,1362.2,16.3,0.4,0.00,0.43,0.96,0.45,0.211,0.547,81.569
SYCA,Desert Southwest,280,2019,2,storm_1,0.177,0.885,21.5,873.6,380.9,7.2,0.5,0.00,0.38,0.76,0.50,0.409,0.534,1.360
SYCA,Desert Southwest,280,2019,2,storm_2,0.125,0.567,43,3395.7,3167.2,10.6,0.3,0.00,0.69,1.98,0.35,0.027,0.9,11.311
SYCA,Desert Southwest,280,2019,3,storm_5,0.202,-0.133,106,4361.2,8286.6,12.7,0.2,0.00,0.60,2.30,0.26,-0.179,0.824,29.595
TECR,Pacific Southwest,3,2018,12,storm_2,-0.377,0.922,25,3.7,1,0.2,1.2,0.00,0.08,0.05,1.75,0.289,0.76,0.333
TECR,Pacific Southwest,3,2019,1,storm_2,0.109,0.048,59,11.9,8.7,1.5,0.3,0.00,0.28,0.27,1.07,,,2.900
TECR,Pacific Southwest,3,2019,2,storm_6,0.127,0.688,124.5,36.4,33.3,0.5,0.3,0.00,0.12,0.38,0.32,0.232,0.225,11.100
TOMB,Ozarks Complex,47085,2019,10,storm_25,-0.616,0.062,64,6540.7,6514.9,2.3,0,0.49,0.13,0.31,0.43,-0.624,0.107,0.138
TOMB,Ozarks Complex,47085,2021,5,storm_2,-0.464,0.637,34.5,7657.6,12895.5,4.4,0.2,0.00,0.12,0.24,0.50,-0.53,0.369,0.274
WALK,Appalachians & Cumberland Plateau,1.1,2018,2,storm_3,0.5,0.592,60.5,37.9,166.7,34.5,3.9,0.00,0.96,0.16,6.07,0.126,0.137,151.545
WALK,Appalachians & Cumberland Plateau,1.1,2018,6,storm_11,0.097,0.574,22.5,32.8,8,4.1,0.1,0.21,0.20,0.76,0.26,0.012,0.439,7.273
WALK,Appalachians & Cumberland Plateau,1.1,2018,7,storm_12,0.18,1,28,23.6,6,3.8,0.2,0.03,0.22,0.37,0.59,0.469,0.968,5.455
WALK,Appalachians & Cumberland Plateau,1.1,2019,1,storm_4,0.736,0.325,78,45.9,23.3,12.3,1,0.01,2.48,0.45,5.48,0.471,0.267,21.182
WALK,Appalachians & Cumberland Plateau,1.1,2019,2,storm_8,0.447,0.487,81,206.4,42.2,4.1,0.8,0.00,2.38,1.08,2.21,0.102,0.908,38.364
WALK,Appalachians & Cumberland Plateau,1.1,2019,10,storm_15,0.379,0.548,58.5,26.8,3.6,1.1,0.7,0.00,0.43,0.26,1.64,0.133,0.83,3.273
WALK,Appalachians & Cumberland Plateau,1.1,2019,11,storm_16,0.768,0.333,76.5,33.4,7.1,0.6,0.3,0.00,0.39,0.22,1.78,0.146,0.922,6.455
WALK,Appalachians & Cumberland Plateau,1.1,2019,11,storm_17,0.706,0.36,53,17.1,3.6,0.3,0.5,0.12,0.21,0.05,4.32,0.161,0.627,3.273
WALK,Appalachians & Cumberland Plateau,1.1,2019,12,storm_20,0.346,0.069,86,25.1,4.3,0.3,-0.3,0.00,0.23,0.22,1.04,0.308,0.419,3.909
WALK,Appalachians & Cumberland Plateau,1.1,2020,2,storm_8,0.208,0.342,165.5,68.5,8.3,0.3,0.3,0.00,0.36,0.48,0.74,0.373,0.729,7.545
WALK,Appalachians & Cumberland Plateau,1.1,2020,2,storm_9,-0.268,-0.376,32.5,12.3,0.5,0.1,-0.9,0.04,0.14,0.04,3.90,,,0.455
WALK,Appalachians & Cumberland Plateau,1.1,2020,4,storm_14,-0.365,0.043,29.5,11.1,1.4,0.1,-1.2,0.00,0.10,0.04,2.68,,,1.273
WALK,Appalachians & Cumberland Plateau,1.1,2021,2,storm_5,0.653,0.23,52,57,4.7,0.2,0.6,0.00,0.34,0.20,1.70,0.351,0.742,4.273
WALK,Appalachians & Cumberland Plateau,1.1,2021,2,storm_6,0.515,0.401,99,52.7,5.6,0.3,0.4,0.00,0.31,0.30,1.04,0.25,0.797,5.091
WALK,Appalachians & Cumberland Plateau,1.1,2021,3,storm_8,0.469,0.165,120,114.5,32.7,2.2,0.2,0.00,0.42,0.53,0.80,0.492,0.392,29.727
WALK,Appalachians & Cumberland Plateau,1.1,2021,5,storm_10,0.416,-0.148,61,117.1,10.5,2.3,0.6,0.00,1.20,0.50,2.40,0.558,0.379,9.545
WALK,Appalachians & Cumberland Plateau,1.1,2021,8,storm_11,0.604,-0.323,37.5,93.3,5.6,1,0.4,0.00,0.96,0.59,1.62,0.611,0.19,5.091
WLOU,Southern Rockies & Colorado Plateau,4.9,2018,6,storm_7,-0.037,0.911,22.5,52.1,33.7,0.7,1.4,0.00,0.12,0.05,2.61,0.181,0.14,6.878
WLOU,Southern Rockies & Colorado Plateau,4.9,2019,7,storm_8,-0.157,0.706,23,27.6,5,0.2,1,0.00,0.15,0.13,1.10,0.178,0.313,1.020
WLOU,Southern Rockies & Colorado Plateau,4.9,2019,9,storm_11,-0.183,0.144,20.5,17.6,10,3.1,2.1,0.00,0.33,0.15,2.22,,,2.041
WLOU,Southern Rockies & Colorado Plateau,4.9,2020,8,storm_7,0.568,0.294,19.5,21.9,1.4,0.3,0.9,0.00,0.39,0.25,1.57,,,0.286
WLOU,Southern Rockies & Colorado Plateau,4.9,2021,6,storm_9,-0.053,0.9,22,32.3,9.3,0.6,0.7,0.00,0.12,0.15,0.81,0.446,0.435,1.898
WLOU,Southern Rockies & Colorado Plateau,4.9,2021,7,storm_14,0.352,0.628,44,54.2,27.4,7.3,0.8,0.00,0.59,0.79,0.75,0.509,0.049,5.592